Symbol,Description,Market Cap,Last,%Change,Volume,Gross Profit Margin - Current (Annual),Free Cash Flow Per Share - Current (Annual),Return on Equity (ROE) - Current (Annual),PE,EPS,Vol Index,IV_Percentile,HV_Percentile
LUV,SOUTHWEST AIRLINES CO COM,"27,559 M",46.5594,-1.77%,"1,700,378",51.989,-$6.19,-32.863,-776,-0.06,38.56%,30.26,45
MRO,MARATHON OIL CORPORATION COM,"12,394 M",15.92,-1.06%,"4,978,190",2.2422,$0.01,-12.776,-398,-0.04,50.64%,6.61,7
DAL,DELTA AIR LINES INC COM,"25,460 M",39.78,-2.28%,"4,301,269",13.472,-$11.54,-146.64,-331.5,-0.12,40.75%,16.79,32
GE,GENERAL ELECTRIC CO COM,"109,352 M",99.58,-2.36%,"2,662,242",25.284,-$0.85,15.867,-262.1,-0.38,32.85%,9.74,25
TWTR,TWITTER INC COM,"39,557 M",49.4702,-2.25%,"4,823,497",63.233,$0.18,-13.621,-224.9,-0.22,42.53%,11.94,34
CDAY,CERIDIAN HCM HLDG INC COM,"17,621 M",116.44,-1.31%,"196,900",50.445,$0.48,-0.20098,-207.9,-0.56,32.21%,9.28,26
VNO,VORNADO REALTY TRUST COM SHS OF BEN INT USD0.04,"8,637 M",45.06,0.96%,"208,082",8.6709,-$5.41,-6.234,-71.52,-0.63,32.92%,5.51,10
VLO,VALERO ENERGY CORP COM,"29,598 M",72.395,-1.44%,"911,028",-1.2432,-$4.93,-7.0239,-67.03,-1.08,37.18%,13.36,8
PSX,PHILLIPS 66 COM,"32,225 M",73.545,-1.52%,"488,859",7.8389,-$4.68,-18.148,-63.95,-1.15,35.12%,25.58,17
PEG,PUBLIC SERVICE ENTERPRISE GRP COM,"31,493 M",62.28,-0.29%,"337,005",54.795,-$2.18,12.261,-47.18,-1.32,23.58%,40.48,34
XOM,EXXON MOBIL CORPORATION COM,"268,620 M",63.45,-1.34%,"4,310,638",18.341,-$3.71,-12.867,-45.65,-1.39,28.66%,5.2,6
HST,HOST HOTELS & RESORTS INC COM STK USD0.01,"12,310 M",17.24,-0.75%,"756,072",-50.926,-$1.65,-10.733,-30.79,-0.56,27.83%,6.14,5
LYV,LIVE NATION ENTERTAINMENT INC COM,"25,384 M",112.99,-1.83%,"235,696",5.408,-$6.49,-511.34,-27.1,-4.17,46.15%,37.69,77
EXPE,EXPEDIA GROUP INC COM,"26,372 M",174.04,-2.00%,"508,259",50.51,-$13.10,-98.114,-26.61,-6.54,40.64%,23.45,58
OXY,OCCIDENTAL PETROLEUM CORP COM,"28,402 M",30.41,-1.14%,"4,741,068",6.8612,$0.93,-94.198,-26.44,-1.15,50.04%,1.32,8
LVS,LAS VEGAS SANDS CORP COM,"29,314 M",38.37,-2.34%,"2,062,559",-5.8416,-$3.55,-41.299,-25.58,-1.5,47.61%,38.82,67
BMY,BRISTOL-MYERS SQUIBB CO COM,"131,425 M",59.21,-0.39%,"1,793,497",51.03,$3.65,-20.163,-24.88,-2.38,24.17%,41,22
TAP,MOLSON COORS BEVERAGE COMPANY COM CL B,"10,099 M",46.545,-2.46%,"231,208",36.755,$4.24,-7.361,-22.59,-2.06,31.25%,16.37,26
CZR,CAESARS ENTERTAINMENT INC NEW COM,"20,860 M",97.58,-3.10%,"827,193",26.713,-$6.56,-57.294,-20.67,-4.72,52.46%,20.93,30
LUMN,LUMEN TECHNOLOGIES INC COM,"14,099 M",13.77,0.07%,"1,289,229",34.125,$2.05,-10.003,-19.39,-0.71,42.28%,10.03,24
HBI,HANESBRANDS INC COM,"6,017 M",17.23,-1.43%,"895,068",38.372,$0.85,-7.3716,-19.36,-0.89,31.01%,11.99,5
PPL,PPL CORP COM,"21,189 M",28.2252,-0.93%,"865,643",66.439,-$2.06,11.136,-16.41,-1.72,19.35%,30.76,12
BA,BOEING CO COM,"132,993 M",226.295,-0.14%,"5,446,398",-6.7649,-$6.22,1047.9,-15.21,-14.88,37.90%,20.08,35
WYNN,WYNN RESORTS LTD COM,"10,582 M",91.49,-3.69%,"752,140",-21.009,-$11.48,-297.22,-12.01,-7.62,47.74%,27.4,29
MCK,MCKESSON CORPORATION COM,"34,167 M",223.78,-0.02%,"304,868",5.1564,-$27.22,-179.02,-7.53,-29.72,25.98%,21.1,36
VTRS,VIATRIS INC COM,"16,139 M",13.345,-2.23%,"2,578,818",38.019,$2.80,-3.8458,-5.514,-2.42,34.34%,29.91,37
UAL,UNITED AIRLINES HOLDINGS COM,"15,248 M",47.0905,-3.38%,"3,763,944",29.254,-$21.79,-80.83,-4.489,-10.49,45.16%,17.75,28
RCL,ROYAL CARIBBEAN GROUP COM,"21,074 M",82.71,-0.67%,"849,416",-83.102,-$21.89,-55.413,-3.829,-21.6,46.65%,13.11,29
AAL,AMERICAN AIRLINES GROUP INC COM,"12,497 M",19.2995,-2.82%,"11,170,323",30.184,-$20.19,49.773,-3.676,-5.25,50.85%,15.06,32
CCL,CARNIVAL CORP UNITS,"24,190 M",20.75,-2.72%,"10,536,153",-25.13,-$9.58,-44.582,-2.497,-8.31,56.45%,27.32,13
NCLH,NORWEGIAN CRUISE LINE HLDGS LT COM,"8,648 M",23.37,-2.63%,"6,959,187",-88.365,-$9.53,-73.829,-2.241,-10.43,63.99%,31.43,28
BIO,BIO RAD LABORATORIES INC COM CL A,"23,042 M",770.15,-1.26%,"13,414",56.407,$13.40,48.689,3.493,220.5,27.52%,25.1,50
NRG,NRG ENERGY INC COM,"8,716 M",35.6,-2.31%,"374,130",23.293,$5.95,30.557,3.571,9.97,28.31%,6.09,42
EBAY,EBAY INC COM,"46,816 M",74.785,1.91%,"1,602,832",75.66,$2.29,176.24,4.064,18.4,30.13%,10.04,84
MPC,MARATHON PETROLEUM CORP COM,"38,351 M",62.3,-2.01%,"1,316,770",1.1288,-$3.31,-35.164,4.369,14.26,36.23%,18.46,23
LYB,LYONDELLBASELL INDUSTRIES N V COM,"30,357 M",91.22,-0.84%,"976,677",<empty>,<empty>,<empty>,5.328,17.12,33.83%,34.17,10
OGN,ORGANON & CO COM,"8,096 M",31.93,-3.10%,"502,320",58.659,$8.32,34.502,5.337,5.983,41.99%,NaN,11
COF,CAPITAL ONE FINANCIAL CORP COM,"64,631 M",151.85,-0.07%,"630,657",<empty>,$28.47,4.3874,5.662,26.82,33.02%,16.36,33
PRU,PRUDENTIAL FINANCIAL INC COM,"41,134 M",108.82,-1.32%,"297,444",<empty>,$16.68,-1.1556,5.921,18.38,30.61%,46.74,8
C,CITIGROUP INC COM,"131,914 M",66.48,-0.55%,"4,645,223",<empty>,$11.32,5.5621,6.289,10.57,28.30%,15.52,14
GS,GOLDMAN SACHS GROUP INC COM,"129,151 M",387.1699,-1.12%,"580,055",89.276,$19.15,10.886,6.381,60.68,29.33%,25.83,19
VIAC,VIACOMCBS INC COM CL B,"22,087 M",34.115,-2.75%,"4,051,213",39.735,$21.60,16.95,6.663,5.12,39.51%,3.9,8
NUE,NUCOR CORP COM,"31,741 M",111.06,1.79%,"742,430",11.063,$1.51,6.7823,6.674,16.64,43.95%,48.39,60
SYF,SYNCHRONY FINANCIAL COM,"26,356 M",48.16,-0.88%,"1,020,969",<empty>,$11.23,10.217,6.812,7.07,33.50%,21.59,8
DD,DUPONT DE NEMOURS INC COM,"41,153 M",79.43,0.18%,"1,306,169",23.317,$1.16,-7.4247,6.836,11.62,27.35%,20.25,63
DFS,DISCOVER FINANCIAL SERVICES COM,"33,589 M",114.61,-0.67%,"263,011",<empty>,$16.63,10.456,6.838,16.76,34.41%,23.01,19
COO,COOPER COS INC COM,"19,783 M",401.245,-1.80%,"89,313",57.493,$6.03,6.3973,6.841,58.65,32.19%,47.92,60
CE,CELANESE CORP COM,"18,212 M",167.28,0.23%,"83,694",22.476,$3.43,65.805,6.856,24.4,30.12%,22.86,50
AIZ,ASSURANT INC COM,"9,125 M",160.16,-0.54%,"82,468",<empty>,$16.58,8.8173,7.046,22.73,24.96%,28.9,12
WHR,WHIRLPOOL CORP COM,"14,023 M",230.85,-0.29%,"73,567",19.47,$16.97,30.912,7.352,31.4,35.36%,31.34,20
DOW,DOW INC COM,"42,846 M",57.93,-0.70%,"1,218,662",12.485,$2.30,9.3625,7.504,7.72,28.96%,16.01,25
BRK/B,BERKSHIRE HATHAWAY INC COM CL B,"625,526 M",280.08,-0.54%,"888,268",<empty>,<empty>,<empty>,7.565,37.02,19.40%,22.4,4
CINF,CINCINNATI FINANCIAL CORP COM,"18,995 M",117.88,-0.73%,"60,906",<empty>,$6.75,12.552,7.59,15.53,27.16%,14.15,26
MOS,MOSAIC CO COM,"13,551 M",36.585,0.54%,"1,069,316",12.266,-$0.50,7.0987,7.784,4.7,45.36%,15.66,44
PHM,PULTE GROUP INC COM,"13,133 M",51.87,-0.94%,"455,221",24.995,$5.55,23.185,8.017,6.47,32.57%,20.35,17
DISH,DISH NETWORK CORPORATION COM CL A,"18,315 M",34.635,-2.33%,"468,963",30.627,$6.07,13.91,8.286,4.18,44.05%,11.83,93
LEN,LENNAR CORP COM CL A,"34,107 M",110.21,-0.15%,"278,100",17.012,$8.42,14.357,8.362,13.18,35.32%,33.3,4
WU,WESTERN UNION COMPANY (THE) COM,"6,701 M",16.6693,-2.46%,"2,992,539",41.634,$1.74,1012,8.462,1.97,35.50%,56.75,56
GM,GENERAL MOTORS CO COM,"91,932 M",63.32,-2.00%,"7,494,006",17.449,-$2.87,14.39,8.465,7.48,41.64%,27.24,40
DGX,QUEST DIAGNOSTICS INC COM,"17,989 M",146.64,-0.80%,"89,036",38.296,$9.32,22.984,8.818,16.63,24.81%,32.97,47
AIG,AMER INTL GRP INC COM,"46,713 M",56.26,-1.21%,"767,636",<empty>,-$0.11,-11.343,8.832,6.37,28.85%,16.61,8
DHI,DR HORTON INC COM,"36,111 M",101.43,-0.11%,"570,848",28.354,$10.47,31.248,8.89,11.41,32.77%,13.45,23
RF,REGIONS FINANCIAL CORP COM,"22,764 M",23.88,-0.62%,"1,209,710",<empty>,$1.80,6.382,8.944,2.67,27.10%,4.81,5
AFL,AFLAC INC COM,"36,841 M",55.69,-2.16%,"706,738",<empty>,$7.25,21.913,9.011,6.18,24.16%,27.73,25
CI,CIGNA CORPORATION COM,"71,897 M",216.93,-0.02%,"370,160",<empty>,$25.13,17.684,9.184,23.62,28.72%,26.6,8
KEY,KEYCORP COM,"21,940 M",23.565,-0.61%,"2,252,896",<empty>,$0.51,7.9247,9.205,2.56,26.13%,3.19,0
L,LOEWS CORP COM,"14,374 M",56.66,-0.89%,"127,464",<empty>,$3.44,-5.3974,9.319,6.08,28.59%,32.47,11
ZION,ZIONS BANCORPORATION N A COM,"10,352 M",66.165,-0.19%,"214,639",<empty>,$3.31,7.1029,9.359,7.07,28.13%,0,3
INTC,INTEL CORP COM,"200,534 M",49.3075,-1.84%,"9,712,786",55.745,$3.12,26.338,9.574,5.15,28.50%,22.55,75
HPQ,HP INCORPORATION COM,"35,757 M",31.025,0.31%,"1,714,917",18.228,$2.40,20.905,9.635,3.22,38.47%,70.64,19
VZ,VERIZON COMMUNICATIONS COM,"212,742 M",51.385,-0.67%,"5,669,501",47.057,$3.21,27.548,9.659,5.32,21.56%,56.16,24
IVZ,INVESCO LTD COM,"11,313 M",24.53,-1.64%,"402,436",68.309,$0.82,5.1952,9.696,2.53,35.14%,18.66,15
BEN,FRANKLIN RESOURCES INC COM,"17,448 M",34.77,-0.66%,"539,853",<empty>,$1.30,7.8278,9.739,3.57,32.64%,20.88,59
CB,CHUBB LIMITED COM,"82,771 M",192.16,0.20%,"258,762",<empty>,$18.52,6.5696,9.774,19.66,20.22%,9.9,26
NLSN,NIELSEN HLDGS PLC COM,"7,692 M",21.43,-2.19%,"415,278",42.385,$2.49,-0.28262,9.876,2.17,35.93%,29.24,44
CFG,CITIZENS FINL GROUP INC COM,"21,289 M",49.95,-0.20%,"1,041,954",<empty>,$5.14,4.5961,10.03,4.98,30.26%,12.37,4
UHS,UNIVERSAL HEALTH SERVICES INC COM CL B,"10,018 M",124.64,-2.06%,"444,910",95.584,$9.12,15.92,10.04,12.42,30.14%,20.18,37
HOLX,HOLOGIC INC COM,"18,494 M",72.9601,-0.40%,"411,602",66.644,$8.32,54.06,10.12,7.21,27.19%,12.68,37
LH,LABORATORY CORP AMER HLDGS COM,"27,318 M",285.45,-1.48%,"105,384",33.461,$26.64,18.386,10.12,28.2,29.03%,35.13,66
LNC,LINCOLN NATIONAL CORP COM,"12,783 M",70.74,-1.86%,"292,413",<empty>,$1.15,2.7439,10.12,6.99,34.53%,14.96,15
MET,METLIFE INC COM,"52,257 M",62.125,-1.59%,"826,119",<empty>,$10.71,11.641,10.27,6.05,28.41%,35.31,22
JPM,JP MORGAN CHASE & CO COM,"481,738 M",163.01,-0.89%,"1,649,551",<empty>,$13.02,11.335,10.31,15.81,23.81%,16.09,0
REGN,REGENERON PHARMACEUTICALS INC COM,"69,393 M",645.26,0.53%,"101,814",86.82,$30.47,31.772,10.33,62.45,29.24%,26.97,93
OMC,OMNICOM GROUP INC COM,"14,377 M",67.64,-2.17%,"195,003",24.819,$4.88,31.841,10.54,6.42,27.57%,23.8,17
ALL,ALLSTATE CORP COM,"32,187 M",112.275,-0.84%,"420,618",<empty>,$11.72,23.333,10.59,10.6,23.33%,26.32,97
IP,INTERNATIONAL PAPER CO COM,"18,860 M",48.7,-0.47%,"392,659",23.907,$2.98,6.1926,10.7,4.55,27.64%,43.11,39
RE,EVEREST RE GROUP COM,"10,819 M",274.82,-1.19%,"30,905",<empty>,$66.05,5.6961,10.85,25.32,24.10%,13.31,36
TRV,TRAVELERS COMPANIES INC COM,"38,550 M",156.7,0.18%,"203,557",<empty>,$22.22,10.97,10.98,14.27,21.92%,13.04,25
CMA,COMERICA INC COM,"11,616 M",88.575,-0.60%,"121,184",<empty>,$4.16,6.1269,11.02,8.04,30.57%,6.01,4
HII,HUNTINGTON INGALLS INDUSTRIES COM,"7,358 M",183.67,-1.62%,"89,319",17.84,$12.00,39.897,11.03,16.65,24.99%,14.57,42
MHK,MOHAWK INDUSTRIES COM,"11,836 M",174.74,-0.17%,"68,228",26.518,$11.90,6.1918,11.22,15.58,31.96%,7.34,68
PFG,PRINCIPAL FINANCIAL GROUP COM,"18,807 M",70.95,-0.89%,"553,704",<empty>,$10.90,11.52,11.41,6.22,26.35%,11.27,10
MTB,M & T BANK CORP COM,"20,676 M",160.67,-0.31%,"367,219",<empty>,$12.70,8.7,11.52,13.95,29.83%,8.41,14
WDC,WESTERN DIGITAL CORP COM,"17,198 M",55.19,-2.30%,"779,644",27.024,$3.00,8.0998,11.52,4.79,50.23%,39.1,68
GILD,GILEAD SCIENCES INC COM,"84,821 M",67.62,0.24%,"3,483,515",81.482,$4.52,0.60402,11.52,5.87,27.41%,26.45,40
WY,WEYERHAEUSER COMPANY COM USD1.25,"28,711 M",38.33,-0.49%,"584,583",27.682,$1.36,9.4275,11.58,3.31,25.40%,0,70
DVA,DAVITA INC COM,"10,228 M",100.37,-0.22%,"135,790",25.38,$11.51,43.995,11.68,8.59,31.72%,40.92,98
HIG,THE HARTFORD FIN SERVICES GRP COM,"24,015 M",70.56,-0.77%,"298,234",<empty>,$8.93,11.588,11.74,6.01,28.81%,12.42,14
WFC,WELLS FARGO & COMPANY COM,"197,288 M",49.48,-0.72%,"4,983,055",<empty>,$6.86,1.0384,11.75,4.21,30.98%,4.75,10
USB,US BANCORP COM,"86,892 M",58.6,-1.21%,"736,234",<empty>,$2.58,9.9397,11.77,4.98,25.78%,22.5,13
BBWI,BATH & BODY WORKS INC COM,"20,603 M",77.93,4.67%,"1,624,435",41.209,$4.81,<empty>,11.88,6.56,43.98%,9.97,18
KIM,KIMCO REALTY CORP COM USD0.01,"14,767 M",23.955,0.52%,"535,247",40.63,-$0.06,20.46,11.92,2.01,31.26%,26.91,15
FITB,FIFTH THIRD BANCORP COM,"30,126 M",44.06,-0.32%,"693,398",<empty>,$2.76,6.5153,12.17,3.62,29.47%,20.93,11
NOC,NORTHROP GRUMMAN CORP COM,"55,174 M",350.67,-0.93%,"315,833",20.321,$20.18,32.88,12.29,28.53,20.73%,14.92,85
MS,MORGAN STANLEY COM,"173,819 M",96.867,-0.83%,"1,958,246",87.131,$7.92,12.701,12.32,7.86,28.79%,19.5,28
HCA,HCA HEALTHCARE INC COM,"75,156 M",241.64,-0.91%,"164,538",78.48,$14.45,<empty>,12.35,19.57,25.69%,12.3,30
CPB,CAMPBELL SOUP CO COM,"12,338 M",40.84,-1.80%,"374,452",32.704,$2.00,35.066,12.41,3.29,27.75%,38.8,31
TSN,TYSON FOODS INC COM CL A,"30,084 M",82.47,-0.15%,"736,153",16.249,$4.42,18.362,12.42,6.64,23.69%,15.85,45
FOX,FOX CORP COM CL B,"21,194 M",37.21,-0.88%,"213,859",<empty>,<empty>,<empty>,12.44,2.99,35.55%,27.36,20
CAG,CONAGRA BRANDS INC COM,"14,923 M",31.11,-2.20%,"1,068,582",28.756,$1.42,15.812,12.54,2.48,21.53%,16.82,22
GPS,GAP INC COM,"9,386 M",24.955,5.03%,"5,508,636",34.094,$0.05,-22.428,12.6,1.98,64.58%,63.75,32
GL,GLOBE LIFE INC COM,"9,398 M",93.07,-1.20%,"51,844",<empty>,$12.65,13.418,12.61,7.38,24.44%,21.44,25
CAH,CARDINAL HEALTH INC COM,"13,909 M",49.36,-0.74%,"400,838",3.9085,$3.60,34.134,12.72,3.88,28.31%,21.83,27
FDX,FEDEX CORP COM,"64,340 M",242.2,-2.08%,"822,480",66.235,$19.10,24.586,12.87,18.82,37.56%,50.17,23
WLTW,WILLIS TOWERS WATSON PLC COM,"28,420 M",228.075,-0.71%,"285,763",91.766,$9.70,9.4547,12.91,17.66,29.41%,41.56,30
PNW,PINNACLE WEST CAPITAL CORP COM,"7,359 M",65.225,-1.58%,"188,754",55.177,-$4.23,9.9521,12.94,5.04,27.68%,48.61,28
PGR,PROGRESSIVE CORP (OHIO) COM,"53,168 M",90.875,0.16%,"597,869",<empty>,$8.69,39.979,13.21,6.88,23.10%,18.4,33
FOXA,FOX CORP COM CL A,"22,778 M",39.99,-0.74%,"436,924",35.417,$3.10,20.267,13.37,2.99,28.89%,8.06,17
BBY,BEST BUY CO INC COM,"33,269 M",135.26,1.81%,"594,222",20.596,$6.51,44.582,13.8,9.8,46.36%,85.69,22
BAC,BANK OF AMERICA CORPORATION COM,"379,782 M",46.405,-0.23%,"6,932,146",<empty>,$3.55,6.7261,13.89,3.34,27.74%,11.17,7
DISCK,DISCOVERY INC COM,"13,223 M",26.14,-2.61%,"914,719",<empty>,<empty>,<empty>,13.98,1.87,48.95%,12.82,13
STT,STATE STREET CORPORATION COM,"34,934 M",95.545,-0.67%,"209,754",79.401,$7.65,9.9872,14.07,6.79,27.38%,14.44,13
BWA,BORG WARNER INC COM,"11,399 M",47.54,-0.90%,"481,476",18.416,$1.21,8.9815,14.19,3.35,30.99%,6.54,5
ADM,ARCHER-DANIELS-MIDLAND CO COM,"37,035 M",66.2,0.82%,"845,546",6.9194,$2.66,9.039,14.3,4.63,25.18%,28.7,26
DISCA,DISCOVERY INC COM,"13,550 M",26.785,-2.92%,"1,098,373",51.542,$8.09,9.0297,14.32,1.87,49.87%,17.41,14
FCX,FREEPORT-MCMORAN INC COM CL B,"55,773 M",37.98,-2.29%,"5,388,820",19.263,$0.22,6.1216,14.33,2.65,48.69%,22.52,63
TFC,TRUIST FINANCIAL CORPORATION COM,"82,376 M",61.71,-1.15%,"890,928",<empty>,$1.78,6.7462,14.55,4.24,24.81%,6.44,7
PFE,PFIZER INC COM,"285,975 M",50.9499,0.16%,"10,416,094",71.342,$0.71,15.219,14.56,3.5,33.99%,35.57,100
WRB,BERKLEY (WR) CORP COM,"14,361 M",81.3,-0.44%,"47,472",<empty>,$7.92,8.8656,14.65,5.55,34.48%,62.66,29
SNA,SNAP-ON INC COM,"11,535 M",214.705,-0.67%,"78,062",52.598,$9.59,17.335,14.66,14.65,24.43%,3.66,35
BK,BANK OF NEW YORK MELLON CORP COM,"47,753 M",57.825,-0.39%,"579,586",<empty>,$3.19,8.6287,14.71,3.93,26.76%,28,0
RJF,RAYMOND JAMES FINANCIAL INC COM,"20,118 M",97.76,-0.79%,"135,248",98.004,$4.99,11.931,14.75,6.63,29.34%,31.95,0
LEG,LEGGETT & PLATT INC COM,"5,770 M",43.26,-1.07%,"171,406",19.401,$1.71,18.329,14.82,2.92,35.18%,21.49,85
MU,MICRON TECHNOLOGY INC COM,"85,211 M",76.175,0.95%,"6,031,204",37.798,$2.46,14.135,14.82,5.14,36.40%,24.7,15
STX,SEAGATE TECHONOLOGY HLDG COM,"22,494 M",101.035,0.14%,"737,447",27.198,$2.54,108.68,14.9,6.78,39.44%,27.7,39
CMI,CUMMINS INC COM,"32,621 M",228.07,-1.03%,"176,358",21.21,$5.76,22.982,14.98,15.22,25.57%,14.33,40
MRNA,MODERNA INC COM,"100,803 M",248.62,2.64%,"2,968,434",95.123,-$1.62,-39.991,15.25,16.3,63.11%,7.81,76
PNC,PNC FINANCIAL SERVICES GROUP COM,"85,014 M",201.15,-0.65%,"223,510",<empty>,$7.85,15.177,15.37,13.09,27.49%,28.43,3
WRK,WESTROCK CO COM,"12,894 M",48.29,-1.47%,"295,402",16.394,$4.69,7.5163,15.43,3.13,34.28%,20.25,4
TPR,TAPESTRY INC COM,"12,577 M",45.71,1.15%,"2,335,504",71.176,$3.45,30.139,15.65,2.92,38.25%,9.04,53
LMT,LOCKHEED MARTIN CORP COM,"94,024 M",340.93,-0.31%,"383,829",15.262,$12.70,149.49,15.71,21.7,19.86%,17.04,98
TROW,PRICE T ROWE GROUPS COM,"47,355 M",210.7,-0.18%,"111,754",96.841,$7.39,31.162,15.89,13.26,28.53%,42.82,54
WBA,WALGREENS BOOTS ALLIANCE INC COM,"40,695 M",47.013,-1.67%,"1,141,472",20.787,$2.46,11.54,16.05,2.93,28.58%,39.7,14
QRVO,QORVO INC COM,"17,168 M",155.76,-1.38%,"330,063",46.91,$9.80,16.445,16.12,9.66,29.69%,6.16,88
PM,PHILIP MORRIS INTL INC COM,"144,660 M",92.92,-0.72%,"326,941",66.397,$1.10,<empty>,16.19,5.74,22.06%,21.11,34
AMP,AMERIPRISE FINANCIAL INC COM,"33,720 M",301.37,-0.34%,"87,774",45.484,$13.37,26.457,16.29,18.5,27.07%,18.01,7
NWL,NEWELL BRANDS INC COM,"9,818 M",23.0783,-1.59%,"740,983",32.808,$0.71,-17.426,16.37,1.41,29.59%,23.14,43
CHRW,CH ROBINSON WORLDWIDE INC COM,"12,038 M",92.61,-1.95%,"105,992",14.884,$2.94,28.525,16.39,5.65,24.91%,31.68,15
CVS,CVS HEALTH CORPORATION COM,"124,165 M",94.06,1.43%,"1,607,918",38.974,$5.82,10.775,16.44,5.72,24.96%,31.73,31
NLOK,NORTONLIFELOCK INC COM,"14,300 M",24.58,-1.48%,"1,087,310",82.909,$0.82,135.25,16.5,1.49,27.72%,10.59,38
NVR,NVR INC COM,"17,804 M",5112,-0.93%,"3,411",21.526,$254.06,33.108,16.55,308.8,<empty>,NaN,16
GIS,GENERAL MILLS INC COM,"38,037 M",62.8,-0.51%,"396,811",35.586,$2.20,26.696,16.66,3.77,20.88%,38.68,3
EVRG,EVERGY INC COM,"14,677 M",64.0072,-1.72%,"128,671",59.72,-$1.41,7.1458,16.71,3.83,24.05%,38.73,29
ABC,AMERISOURCEBERGEN CORPORATION COM,"25,813 M",124.23,-0.35%,"93,799",3.0086,$7.16,-366.53,16.81,7.39,26.09%,19.04,26
GD,GENERAL DYNAMICS CORP COM,"55,116 M",197.39,-1.04%,"98,833",16.678,$5.38,21.37,16.96,11.64,23.24%,28.32,18
FTV,FORTIVE CORP COM,"28,220 M",78.7,-0.47%,"393,407",56.286,$2.50,18.889,16.96,4.64,23.22%,16.96,3
CNP,CENTERPOINT ENERGY INC COM,"16,633 M",26.45,-0.94%,"431,652",60.448,-$2.25,-15.105,16.96,1.56,20.91%,13.63,0
LDOS,LEIDOS HOLDINGS INC COM,"12,920 M",92.06,-1.81%,"58,184",14.125,$4.53,17.265,16.99,5.42,24.63%,13.39,34
CMCSA,COMCAST CORP COM CL A,"241,468 M",52.85,-1.64%,"3,826,173",55.37,$2.35,12.175,16.99,3.11,29.96%,26.02,29
PKG,PACKAGING CORP OF AMERICA COM,"12,678 M",133.4664,-0.83%,"161,680",20.821,$2.41,14.481,17,7.85,24.57%,20.28,10
ETR,ENTERGY CORP COM,"21,118 M",105.076,-0.67%,"173,343",54.045,-$12.13,13.129,17,6.18,21.37%,19.86,40
K,KELLOGG COMPANY COM,"21,334 M",62.54,-0.67%,"520,760",34.415,$1.37,42.704,17.04,3.67,19.27%,16.92,9
LKQ,LKQ CORPORATION COM,"17,283 M",59.29,-0.57%,"320,989",37.157,$2.54,11.973,17.19,3.45,28.08%,13.89,22
EOG,EOG RESOURCES INC COM,"52,383 M",89.53,-0.61%,"860,986",14.291,$0.98,-2.8829,17.28,5.18,39.56%,3.91,3
AEP,AMERICAN ELECTRIC POWER CO INC COM,"41,091 M",82.78,-0.55%,"449,084",52.726,-$5.86,10.926,17.39,4.76,18.22%,32.31,29
HSIC,HENRY SCHEIN INC COM,"10,621 M",76.59,-1.19%,"62,577",28.013,$3.86,12.726,17.41,4.4,29.26%,18.96,26
SWK,STANLEY BLACK & DECKER INC COM,"31,566 M",193.62,-0.09%,"208,909",34.668,$6.72,14.078,17.47,11.08,27.20%,18.63,60
PCAR,PACCAR INC COM,"30,478 M",87.7875,-1.35%,"240,596",14.118,-$1.92,12.922,17.49,5.02,24.28%,11.73,22
SJM,SMUCKER (JM) CO COM,"13,559 M",125.13,-2.09%,"116,010",36.309,$6.06,10.696,17.55,7.13,26.43%,53.79,26
APA,APA CORPORATION COM,"9,986 M",27.49,-0.61%,"2,385,715",22.683,$0.39,-601.49,17.62,1.56,60.12%,12.66,22
MMM,3M COMPANY COM,"104,268 M",180.9406,-0.51%,"367,897",48.735,$4.75,46.96,17.9,10.11,22.57%,23.78,26
HBAN,HUNTINGTON BANCSHARES INC COM,"23,375 M",16.16,-0.92%,"1,721,619",<empty>,$1.35,6.7028,17.96,0.9,27.84%,9.23,8
ATO,ATMOS ENERGY CORP COM,"12,204 M",92.155,-1.81%,"117,872",55.665,-$7.69,9.0501,18,5.12,24.19%,32.14,25
SWKS,SKYWORKS SOLUTIONS INC COM,"26,735 M",161.89,-0.66%,"704,334",48.47,$6.57,31.672,18.05,8.97,29.71%,13.96,24
ATVI,ACTIVISION BLIZZARD INC COM,"47,738 M",61.29,-4.53%,"7,720,821",72.05,$3.21,15.782,18.19,3.37,42.34%,58.43,100
PKI,PERKINELMER INC COM,"23,332 M",184.88,-1.34%,"101,740",55.776,$8.05,22.228,18.41,10.04,29.65%,11.47,27
HPE,HEWLETT PACKARD ENTERPRISE CO COM,"18,829 M",14.395,-1.07%,"1,352,024",29.983,$1.15,-1.9429,18.46,0.78,37.26%,46.33,55
AXP,AMERICAN EXPRESS CO COM,"137,081 M",176.98,-1.46%,"775,008",75.579,$8.00,13.184,18.47,9.58,27.86%,16.24,20
KHC,KRAFT HEINZ CO COM,"42,621 M",34.785,-4.86%,"8,344,029",34.97,$1.57,0.69992,18.6,1.87,26.61%,18.84,43
EXPD,EXPEDTRS INTL WASH COM,"21,487 M",126.84,-0.92%,"277,118",28.377,$3.59,28.679,18.76,6.76,24.34%,14.89,98
FE,FIRSTENERGY CORP COM,"20,925 M",38.435,-1.65%,"578,698",59.741,-$3.79,15.184,19.03,2.02,23.68%,16.47,26
NTRS,NORTHERN TRUST CORP COM,"25,389 M",122.26,-0.52%,"86,457",92.743,$5.46,11.066,19.28,6.34,24.51%,12.04,5
ANTM,ANTHEM INC COM,"104,642 M",431.13,0.34%,"531,484",<empty>,$34.26,14.409,19.32,22.32,24.66%,14.79,10
OKE,ONEOK INC COM,"28,058 M",62.92,-0.91%,"303,672",33.404,-$4.03,9.9721,19.6,3.21,27.62%,23.14,7
IPG,INTERPUBLIC GROUP COS INC COM,"13,760 M",34.945,-2.63%,"1,212,866",11.71,$1.33,12.383,19.74,1.77,28.70%,23.35,26
AMCR,AMCOR PLC COM,"18,406 M",12.005,-1.19%,"1,102,290",<empty>,<empty>,<empty>,19.78,0.607,32.62%,64.48,8
AZO,AUTOZONE INC COM,"39,517 M",1884.66,-0.48%,"21,819",52.755,$87.32,<empty>,19.8,95.19,30.10%,59.57,15
MDLZ,MONDELEZ INTL INC COM CL A,"86,907 M",62.3,0.21%,"1,990,072",38.569,$1.11,12.97,19.84,3.14,18.56%,24.34,18
FBHS,FORTUNE BRANDS HOME & SECURITY COM,"14,682 M",108.17,-0.12%,"169,902",35.02,$3.81,21.264,19.96,5.42,25.90%,13.66,4
PENN,PENN NATIONAL GAMING INC COM,"8,844 M",52.17,-5.08%,"2,180,132",37.556,$2.81,-29.85,20.07,2.6,64.87%,25.22,96
ORCL,ORACLE CORP COM,"257,554 M",94.215,-1.17%,"1,620,518",77.188,$3.65,160.88,20.09,4.69,35.21%,72.74,16
TGT,TARGET CORP COM,"123,079 M",252.19,-0.63%,"1,999,802",27.127,$6.88,33.251,20.09,12.55,28.39%,35.36,50
CMS,CMS ENERGY CORP COM,"17,524 M",60.49,-0.74%,"122,264",46.766,-$5.09,14.362,20.1,3.01,18.60%,46.14,26
DXC,DXC TECHNOLOGY COMPANY COM,"7,943 M",31.49,-2.02%,"283,153",9.4365,$2.22,-3.0539,20.58,1.53,38.59%,26.38,15
KMX,CARMAX INC COM,"23,643 M",145.845,-0.99%,"114,936",12.555,$6.92,18.367,20.72,7.04,34.20%,22.28,23
DLTR,DOLLAR TREE INC COM,"29,603 M",131.62,0.04%,"775,937",30.343,$5.34,19.821,20.76,6.34,47.58%,76.61,81
CSCO,CISCO SYSTEMS INC COM,"219,520 M",52.0482,-8.30%,"29,018,478",63.589,$1.56,26.747,20.82,2.5,28.41%,46.77,96
DE,DEERE & CO COM,"112,738 M",363.6,2.85%,"914,609",29.676,$6.32,22.595,21.08,17.25,38.21%,72.35,59
AMGN,AMGEN INC COM,"115,295 M",204.69,-0.55%,"2,401,935",75.775,$10.76,76.135,21.1,9.7,23.46%,18.98,27
DG,DOLLAR GENERAL CORP COM,"51,555 M",220.97,-0.86%,"531,009",31.763,$7.84,39.735,21.15,10.45,32.14%,66.04,31
LRCX,LAM RESEARCH CORP COM,"88,153 M",626.09,-0.72%,"224,139",46.528,$21.96,69.796,21.17,29.58,34.45%,12.76,0
KMI,KINDER MORGAN INC COM,"36,959 M",16.3,-1.27%,"2,330,713",38.598,$0.27,0.32526,21.17,0.77,26.02%,10.41,15
SEE,SEALED AIR CORP COM,"9,583 M",64.68,-1.64%,"127,913",32.057,$3.39,212.6,21.28,3.04,27.49%,22.01,36
HUM,HUMANA INC COM,"56,662 M",440.83,0.55%,"179,107",<empty>,$32.72,26.136,21.29,20.71,26.62%,29.48,11
COP,CONOCOPHILLIPS COM,"95,136 M",72.13,0.22%,"1,885,696",1.1286,-$1.27,-8.3326,21.4,3.37,34.71%,8.38,5
IRM,IRON MOUNTAIN INC COM,"13,730 M",47.42,0.55%,"169,509",45.626,-$1.04,26.354,21.55,2.2,27.62%,10.37,31
CAT,CATERPILLAR INC COM,"109,097 M",201.6801,-0.64%,"556,982",30.442,$4.35,20.041,21.57,9.35,29.92%,17.72,33
WEC,WEC ENERGY GROUP INC COM,"28,397 M",90.025,-0.85%,"136,649",54.494,-$2.49,11.659,21.69,4.15,21.36%,20.41,34
LNT,ALLIANT ENERGY CORP COM,"13,852 M",55.33,-1.39%,"138,707",57.582,-$1.32,11.273,21.87,2.53,22.36%,34.87,37
TXT,TEXTRON INC COM,"16,433 M",74.55,-1.15%,"89,263",18.076,$2.48,5.4387,21.93,3.4,33.19%,14.17,19
CTVA,CORTEVA INC COM,"35,396 M",48.56,0.43%,"262,158",35.366,$1.12,2.7721,21.97,2.21,29.94%,20.87,57
XEL,XCEL ENERGY INC COM,"34,594 M",64.22,-1.15%,"501,344",46.33,-$5.34,10.592,21.99,2.92,25.45%,36.06,44
SO,SOUTHERN CO COM,"65,326 M",61.64,-0.85%,"647,714",57.875,-$2.86,11.244,22.01,2.8,18.69%,17.78,21
CVX,CHEVRON CORPORATION COM,"219,968 M",114.11,-1.13%,"2,876,299",29.361,-$3.26,-4.0181,22.03,5.18,25.06%,1.33,4
IBM,INTERNATIONAL BUS MACH CORP COM,"104,531 M",116.56,-1.27%,"1,390,928",46.796,$1.71,26.979,22.08,5.28,22.08%,26.87,44
AEE,AMEREN CORP COM,"21,773 M",84.52,-1.13%,"135,567",59.441,-$6.45,10.249,22.13,3.82,21.52%,39.75,35
ORLY,OREILLY AUTOMOTIVE INC NEW COM,"43,087 M",639.48,-0.23%,"42,071",49.831,$22.10,651.9,22.16,28.86,21.45%,14.54,32
VRTX,VERTEX PHARMACEUTICAL COM,"47,375 M",186.33,-1.02%,"325,734",88.135,$11.57,36.713,22.34,8.34,35.15%,35.89,37
CSX,CSX CORP COM,"79,038 M",35.635,0.27%,"4,712,919",65.908,$0.80,22.165,22.41,1.59,23.53%,16.94,0
NEM,NEWMONT CORPORATION COM,"45,454 M",56.9999,-1.64%,"1,213,672",34.757,$3.04,12.735,22.53,2.53,30.50%,23.44,30
CTSH,COGNIZANT TECHNOLO COM CL A,"42,060 M",80.075,-1.13%,"1,060,123",32.993,$2.97,12.737,22.56,3.55,24.45%,18.15,18
KMB,KIMBERLY CLARK CORP COM,"44,753 M",132.91,-1.12%,"235,219",37.121,$2.12,793.25,22.6,5.88,18.38%,14.83,53
CARR,CARRIER GLOBAL CORPORATION COM,"48,971 M",56.51,0.69%,"454,763",29.382,$1.31,19.475,22.6,2.5,26.70%,24.48,41
ED,CONSOLIDATED EDISON INC COM,"27,072 M",76.53,-1.25%,"602,462",65.679,-$3.80,5.9725,22.84,3.35,18.44%,25.19,31
SIVB,SVB FINANCIAL GROUP COM,"43,851 M",747.2,0.26%,"37,174",<empty>,$21.91,17.006,22.94,32.57,36.48%,27.02,37
URI,UNITED RENTALS INC COM,"27,487 M",379.68,-0.01%,"60,592",32.778,$20.61,21.254,22.97,16.53,34.77%,10.17,17
PH,PARKER-HANNIFIN CORP COM,"42,450 M",330.31,0.30%,"65,842",27.403,$12.21,23.877,23.02,14.35,23.86%,8.35,38
FMC,FMC CORP COM,"13,353 M",105.35,0.35%,"62,416",44.204,$3.72,20.025,23.05,4.57,39.56%,64.41,98
NI,NISOURCE INC COM,"9,877 M",25.15,-0.55%,"636,861",60.801,-$2.39,-1.4571,23.07,1.09,17.60%,23.64,21
NTAP,NETAPP INC COM,"19,500 M",87.2,-0.86%,"471,884",66.417,$2.03,157.5,23.19,3.76,42.59%,64.63,10
RL,RALPH LAUREN CORP COM CL A,"9,181 M",124.71,-0.79%,"122,574",60.06,$2.01,-4.572,23.22,5.37,35.84%,13.58,36
FLT,FLEETCOR TECHNOLOGIES INC COM,"18,261 M",224.8877,-2.73%,"144,925",89.334,$12.01,19.93,23.23,9.68,30.24%,36.42,29
QCOM,QUALCOMM INC COM,"204,960 M",183,-0.29%,"5,581,480",57.511,$5.31,112.85,23.25,7.87,40.74%,50.09,94
CBRE,CBRE GROUP INC COM CL A,"33,411 M",99.835,-0.71%,"434,404",17.981,$3.57,11.299,23.27,4.29,37.14%,62.33,12
UA,UNDER ARMOUR INC COM CL C,"10,560 M",22.18,-0.18%,"570,708",<empty>,<empty>,<empty>,23.35,0.95,46.82%,19.67,100
DRI,DARDEN RESTAURANTS INC COM,"18,911 M",145.71,-0.88%,"189,148",15.878,$5.88,24.466,23.35,6.24,35.77%,42.04,22
AAP,ADVANCE AUTO PARTS INC COM,"14,507 M",230.26,-0.98%,"88,036",44.376,$7.63,13.871,23.35,9.86,27.78%,11.62,15
NSC,NORFOLK SOUTHERN CORP COM,"66,859 M",274.75,0.05%,"155,151",34.6,$4.10,13.411,23.64,11.62,23.06%,9.63,12
KLAC,KLA CORPORATION COM,"63,629 M",419.655,-0.04%,"308,635",59.223,$10.53,68.784,23.79,17.64,33.62%,15.61,22
DRE,DUKE REALTY CORPORATION COM USD0.01,"22,028 M",57.84,-0.50%,"298,110",42.616,-$1.71,5.8632,23.8,2.43,25.21%,32.67,7
D,DOMINION ENERGY INC COM,"60,800 M",75.07,-0.37%,"596,827",61.071,-$3.45,-1.7474,23.91,3.14,20.17%,38.26,25
FB,META PLATFORMS INC COM CL A,"937,536 M",337.03,-1.10%,"5,406,453",80.583,$9.13,25.417,24.11,13.98,33.49%,38.1,48
TEL,TE CONNECTIVITY LTD COM,"53,431 M",163.74,-1.09%,"253,764",32.748,$4.60,22.591,24.11,6.79,21.94%,5.32,43
GPC,GENUINE PARTS CO COM,"19,374 M",136.03,-0.52%,"225,327",32.544,$2.49,-6.4423,24.16,5.63,21.28%,7.09,0
ES,EVERSOURCE ENERGY COM,"28,594 M",83.17,-0.72%,"189,476",38.781,-$5.30,9.0297,24.18,3.44,25.02%,29.33,18
JNJ,JOHNSON & JOHNSON COM,"429,350 M",163.09,-0.12%,"1,546,760",65.699,$2.63,23.974,24.38,6.69,21.00%,41.62,28
CL,COLGATE-PALMOLIVE CO COM,"64,655 M",76.71,-1.12%,"657,401",60.282,$1.48,626.74,24.43,3.14,15.91%,8.26,23
TXN,TEXAS INSTRUMENTS INC COM,"176,301 M",190.9,0.70%,"1,051,651",62.727,$2.68,61.545,24.51,7.79,25.10%,18.28,33
YUM,YUM BRANDS INC COM,"37,234 M",127.02,-0.42%,"439,924",47.541,$1.60,<empty>,24.52,5.18,20.92%,11.42,10
EMR,EMERSON ELECTRIC CO COM,"56,235 M",94.07,-0.25%,"820,802",39.828,$2.63,25.186,24.63,3.82,23.30%,17.27,33
BIIB,BIOGEN INC COM,"37,872 M",257.82,-0.22%,"318,155",84.676,$24.29,33.278,24.67,10.45,40.92%,20.39,9
VFC,V F CORP COM,"30,162 M",76.79,0.37%,"502,418",53.166,$0.60,12.719,24.69,3.11,31.00%,43.82,31
GRMN,GARMIN LTD COM,"27,853 M",144.825,0.00%,"98,784",59.269,$2.91,19.25,24.71,5.86,29.59%,38.8,93
DTE,DTE ENERGY CO COM,"21,670 M",111.86,-0.79%,"99,168",40.026,-$6.88,11.338,24.75,4.52,24.44%,50.82,9
BLK,BLACKROCK INC COM,"141,454 M",931.125,-0.04%,"132,254",82.512,$7.23,14.331,24.76,37.6,24.91%,32.34,24
AVY,AVERY DENNISON CORP COM,"18,346 M",221.58,-0.60%,"64,254",27.588,$6.01,41.348,24.85,8.916,24.25%,18.8,44
RHI,ROBERT HALF INTERNATIONAL INC COM,"12,966 M",116.46,0.06%,"81,802",39.37,$1.55,26.077,24.88,4.68,23.44%,3.89,10
ICE,INTERCONTINENTAL EXCHANGE INC COM,"76,477 M",135.74,-0.39%,"216,463",64.107,$3.85,11.368,25.04,5.42,21.97%,23.81,35
DVN,DEVON ENERGY CORP COM,"28,722 M",42.425,0.32%,"2,228,082",1.498,$0.08,-61.793,25.25,1.68,49.53%,2.62,4
DUK,DUKE ENERGY CORP COM,"75,503 M",98.14,-0.86%,"545,041",53.008,-$4.51,2.7955,25.36,3.87,18.84%,27.46,9
LOW,LOWE'S COMPANIES INC COM,"172,083 M",248.52,1.14%,"867,591",31.444,$7.55,340.92,25.59,9.71,29.20%,42.16,21
UNP,UNION PACIFIC CORP COM,"153,679 M",239.05,-0.29%,"743,749",46.992,$4.01,30.491,25.59,9.34,21.82%,16.01,17
PNR,PENTAIR PLC COM,"12,921 M",78.08,1.21%,"105,806",35.045,$1.61,17.664,25.85,3.02,25.36%,8.37,29
HSY,HERSHEY COMPANY COM,"36,749 M",178.39,-0.01%,"193,049",45.443,$3.86,64.361,25.89,6.89,19.12%,26.23,49
MCD,MCDONALD'S CORPORATION COM,"188,186 M",251.84,-0.34%,"669,388",49.207,$1.44,191.93,25.96,9.7,18.83%,6.05,47
PBCT,PEOPLE'S UNITED FINANCIAL INC COM,"7,944 M",18.56,-0.38%,"876,250",<empty>,$1.18,2.7288,26.51,0.7,31.91%,61.41,18
ALLE,ALLEGION PLC COM,"12,163 M",135.6,-0.64%,"39,222",43.531,$3.90,39.614,26.64,5.09,22.64%,13.14,25
INCY,INCYTE CORPORATION COM,"14,281 M",64.65,-0.57%,"511,969",95.075,-$1.10,-11.352,26.71,2.42,44.85%,60.33,83
PG,PROCTER & GAMBLE CO COM,"356,289 M",147.23,0.09%,"1,361,389",51.425,$2.67,30.801,26.87,5.48,16.71%,14.01,9
SLB,SCHLUMBERGER LIMITED COM,"44,183 M",31.5,-1.75%,"2,396,371",11.021,$0.61,-58.709,26.92,1.17,42.83%,18.99,11
HRL,HORMEL FOODS CORP COM,"23,091 M",42.56,-1.71%,"261,355",19.004,$0.55,14.709,26.94,1.58,26.69%,64.74,11
AMAT,APPLIED MATERIALS INC COM,"140,116 M",155.18,-0.51%,"2,597,768",44.605,$3.50,38.516,26.99,5.75,40.20%,29.57,20
DOV,DOVER CORP COM,"25,363 M",176.1515,0.42%,"244,526",37.298,$3.43,21.297,27.14,6.49,21.69%,6.8,34
CDW,CDW CORP COM,"26,309 M",193.84,-0.72%,"110,054",17.382,$6.44,69.859,27.22,7.12,26.80%,25.82,25
KR,KROGER CO COM,"30,560 M",41.095,1.09%,"1,237,511",21.919,$2.40,28.122,27.22,1.51,34.60%,54.07,45
KO,COCA-COLA CO COM,"239,317 M",55.405,-0.90%,"5,011,764",59.311,$0.22,40.475,27.29,2.03,18.13%,9.22,11
SPG,SIMON PROPERTY GROUP INC COM USD0.0001,"55,228 M",168.06,0.34%,"601,941",52.14,$2.66,40.473,27.33,6.15,30.43%,8.26,16
AAPL,APPLE INC COM,"2,530,665 M",154.2487,0.49%,"33,759,042",41.779,$4.95,147.44,27.5,5.61,26.45%,14.29,9
UAA,UNDER ARMOUR INC COM CL A,"12,465 M",26.18,-0.34%,"570,232",48.117,-$0.18,-28.328,27.56,0.95,47.22%,18.25,98
PPG,PPG INDUSTRIES INC COM,"38,967 M",164.14,-0.10%,"178,304",39.945,$4.12,19.302,27.59,5.95,23.07%,13.95,17
PEP,PEPSICO INC COM,"224,543 M",162.4,-0.59%,"636,384",54.813,$0.89,50.425,27.67,5.87,20.22%,27.85,34
CHD,CHURCH & DWIGHT COM,"22,718 M",90.87,-0.68%,"194,530",45.227,$2.36,27.633,27.7,3.28,18.69%,1.71,24
GWW,GRAINGER W W INC COM,"25,009 M",485.42,-0.24%,"28,342",35.416,$14.12,37.741,27.71,17.52,21.74%,7.93,74
NWSA,NEWS CORP NEW COM CL A,"13,706 M",23.125,-1.18%,"706,424",41.109,$0.89,4.1791,27.86,0.83,28.76%,15.3,32
UNH,UNITEDHEALTH GROUP INC COM,"424,040 M",450.22,0.28%,"423,759",<empty>,$16.17,25.421,27.93,16.12,23.31%,23.18,15
NWS,NEWS CORP NEW COM CL B,"13,774 M",23.24,-1.15%,"185,707",<empty>,<empty>,<empty>,28,0.83,39.90%,14.66,59
ITW,ILLINOIS TOOL WORKS INC COM,"75,761 M",241.37,-0.52%,"209,488",40.122,$2.96,67.956,28.07,8.6,21.56%,16.14,16
XRAY,DENTSPLY SIRONA INC COM,"11,726 M",53.64,-1.01%,"574,555",49.581,$1.19,-1.6502,28.23,1.9,31.02%,32.19,36
ABBV,ABBVIE INC COM,"206,683 M",116.91,-0.37%,"627,557",66.691,$5.36,185.81,28.24,4.14,22.97%,20.15,29
UPS,UNITED PARCEL SERVICE INC COM CL B,"179,752 M",206.815,-0.50%,"356,940",75.291,$0.68,68.451,28.29,7.31,23.18%,9.42,56
F,FORD MOTOR CO COM,"79,124 M",19.7995,-0.30%,"40,263,207",16.922,-$0.27,-4.0047,28.29,0.7,51.81%,34.02,65
HD,HOME DEPOT INC COM,"424,370 M",402.11,1.84%,"1,149,649",32.34,$5.87,14061,28.3,14.21,22.69%,20.16,68
HON,HONEYWELL INTERNATIONAL INC COM,"151,501 M",220.07,-0.19%,"491,895",32.074,$1.89,26.518,28.32,7.77,22.67%,15.78,20
TER,TERADYNE INC COM,"24,575 M",150.76,-0.56%,"174,923",56.222,$3.75,42.49,28.39,5.31,34.61%,10.05,43
AOS,SMITH A O CORP COM,"13,102 M",82.32,-0.52%,"147,616",38.276,$1.37,19.624,28.48,2.89,27.86%,12.72,89
GOOGL,ALPHABET INC COM CL A,"1,969,738 M",2967.5279,0.22%,"434,706",53.578,$55.94,18.995,28.6,103.8,24.37%,19.48,52
GOOG,ALPHABET INC COM CL C,"1,986,639 M",2992.99,0.39%,"271,767",<empty>,<empty>,<empty>,28.85,103.8,24.30%,20.44,52
LHX,L3 HARRIS TECHNOLOGIES INC COM,"42,963 M",218.945,-0.56%,"237,826",29.174,$7.84,5.1673,28.92,7.57,25.82%,38.84,63
PTC,PTC INC COM,"13,724 M",116.92,-2.27%,"111,080",77.838,$4.28,27.435,29.01,4.03,31.07%,13.17,49
TSCO,TRACTOR SUPPLY CO COM,"25,876 M",227.35,0.45%,"107,092",33.374,$4.90,42.908,29.04,7.83,26.67%,14.41,22
MRK,MERCK & CO INC COM,"208,100 M",82.385,-0.26%,"3,442,842",71.434,$1.55,27.593,29.11,2.83,28.40%,39.21,96
MKC,MCCORMICK & COMPANY INC COM,"22,171 M",82.94,-1.20%,"136,241",41.069,$1.42,20.281,29.41,2.82,21.99%,23.34,21
TMO,THERMO FISHER SCIENTIFIC INC COM,"249,616 M",633.465,-0.60%,"197,773",49.621,$17.23,19.865,29.41,21.54,23.85%,11.87,21
ROK,ROCKWELL AUTOMATION INC COM,"39,611 M",341.53,-0.12%,"76,388",41.411,$4.09,79.359,29.49,11.58,22.96%,9.11,61
MO,ALTRIA GROUP INC COM,"80,958 M",44.071,-0.79%,"1,227,770",64.699,$0.87,98.422,29.58,1.49,24.72%,5.27,62
PVH,PVH CORPORATION COM,"8,592 M",120.92,-1.40%,"164,378",52.878,-$2.48,-21.554,29.86,4.05,49.78%,41.04,5
FRC,FIRST REPUBLIC BANK SAN FRANCI COM,"39,092 M",218.04,-0.73%,"73,554",<empty>,$6.42,10.633,30.03,7.26,30.85%,45.27,2
AKAM,AKAMAI TECHNOLOGIES COM,"17,878 M",110.03,0.19%,"195,037",60.678,$4.44,14.086,30.23,3.64,27.89%,40.22,37
EMN,EASTMAN CHEMICAL CO COM,"15,172 M",112.855,-0.88%,"100,818",23.215,$4.38,7.9793,30.34,3.72,27.81%,21.76,69
NDAQ,NASDAQ INC COM,"34,936 M",208.92,-0.49%,"158,049",48.001,$4.51,15.457,30.41,6.87,27.02%,50.55,28
AES,AES CORP COM,"16,218 M",24.325,-1.72%,"958,483",27.878,$0.12,1.6341,30.41,0.8,26.75%,11.82,23
CBOE,CBOE GLOBAL MARKETS INC COM,"13,601 M",127.54,-1.51%,"192,385",31.975,$3.64,13.931,30.44,4.19,28.21%,15.9,18
HAS,HASBRO INC COM,"13,730 M",99.53,-1.17%,"87,528",48.391,$3.91,7.553,30.44,3.27,25.97%,11.94,36
PEAK,HEALTHPEAK PROPERTIES INC COM USD1,"18,908 M",35.075,0.24%,"559,582",22.979,-$3.95,6.3875,30.5,1.15,21.88%,46.44,18
ARE,ALEXANDRIA REAL ESTATE EQUITIE COM USD0.01,"32,126 M",207.315,0.02%,"152,163",39.78,-$28.43,7.3894,30.58,6.78,18.11%,9.5,0
PXD,PIONEER NATURAL RESOURCES CO COM,"43,861 M",179.66,-0.33%,"245,544",11.119,$0.69,-1.6874,30.66,5.86,41.85%,24.67,3
OTIS,OTIS WORLDWIDE CORP COM,"36,511 M",85.955,0.73%,"435,851",30.182,$2.21,68.278,30.7,2.8,27.66%,37.45,66
WAT,WATERS CORP COM,"20,997 M",344.01,0.23%,"52,911",57.124,$8.26,6575.9,30.83,11.16,30.88%,39.67,57
SCHW,SCHWAB (CHARLES) CORP COM,"154,301 M",81.615,0.24%,"734,966",96.939,$2.78,9.0694,30.91,2.64,30.20%,3.73,5
ULTA,ULTA BEAUTY INC COM,"21,885 M",402.62,0.10%,"117,158",31.684,$11.89,9.0134,30.92,13.02,42.75%,60.14,10
ROST,ROSS STORES INC COM,"41,528 M",116.86,0.29%,"920,723",21.49,$0.72,2.5679,30.92,3.78,38.64%,54.58,18
JBHT,J B HUNT TRANSPORT SERVICES IN COM,"20,471 M",194.935,-2.43%,"145,466",11.576,$2.67,20.794,30.94,6.3,25.49%,20.11,11
EQR,EQUITY RESIDENTIAL SBI USD0.01,"32,769 M",87.38,0.24%,"159,409",44.635,$0.04,8.7693,30.99,2.82,20.49%,8.08,9
PWR,QUANTA SERVICES COM,"16,886 M",118.5,0.00%,"183,018",14.141,$3.44,10.616,31.1,3.81,33.81%,26.3,48
EXC,EXELON CORP COM,"52,085 M",53.2392,-0.64%,"787,865",42.135,-$0.52,6.0578,31.13,1.71,15.81%,29.03,31
MNST,MONSTER BEVERAGE CORP COM,"47,178 M",89.16,-2.45%,"492,270",57.699,$2.51,30.209,31.17,2.86,25.72%,34.61,50
CHTR,CHARTER COMMUNICATIONS INC COM CL A,"122,000 M",680.46,-1.53%,"172,516",23.898,$33.23,11.663,31.17,21.83,23.95%,0.11,33
BRO,BROWN & BROWN INC COM,"18,176 M",64.355,-0.56%,"123,144",94.842,$1.86,13.098,31.39,2.05,24.44%,49.68,57
EIX,EDISON INTERNATIONAL COM,"24,280 M",63.91,-0.85%,"139,807",49.19,-$10.96,5.4038,31.48,2.03,20.82%,4.14,11
APD,AIR PRODUCTS & CHEMICALS INC COM,"66,009 M",298.19,-0.43%,"118,116",30.387,-$1.78,16.387,31.62,9.43,20.59%,12.94,20
MMC,MARSH & MCLENNAN COMPANIES INC COM,"84,530 M",167.42,-0.22%,"236,661",41.193,$4.37,23.862,31.65,5.29,19.35%,15.63,27
SBUX,STARBUCKS CORP COM,"132,531 M",112.4,-0.11%,"1,618,610",23.913,$2.45,136.51,31.75,3.54,26.77%,36.93,91
ABT,ABBOTT LABORATORIES COM,"227,190 M",128.48,-0.11%,"582,981",50.592,$2.27,14.075,31.88,4.03,22.31%,7.4,35
LW,LAMB WESTON HLDGS INC COM,"8,177 M",55.98,-4.63%,"371,841",22.665,$1.43,88.204,31.99,1.75,33.62%,34.25,34
ZBH,ZIMMER BIOMET HOLDINGS INC COM,"27,137 M",129.9,-0.90%,"352,393",61.194,$4.95,-1.1301,33.05,3.93,30.80%,32.95,53
CME,CME GROUP INC COM,"80,748 M",224.675,-0.77%,"293,141",90.491,$0.97,8.0276,33.14,6.78,23.00%,23.06,3
BAX,BAXTER INTERNATIONAL INC COM,"39,865 M",79.62,0.05%,"1,047,348",39.853,$1.85,13.3,33.45,2.38,22.07%,13.42,62
ETN,EATON CORPORATION PLC COM,"68,723 M",172.41,-0.40%,"167,373",30.519,$1.84,9.0933,33.48,5.15,23.23%,15.34,45
CTXS,CITRIX SYSTEMS INC COM,"10,585 M",84.87,-2.37%,"289,842",84.511,$6.43,106.22,33.68,2.52,39.37%,66.98,50
AVB,AVALONBAY COMMUNITIES INC COM USD0.01,"34,027 M",243.5,-0.16%,"68,419",33.509,-$4.41,7.5955,33.73,7.22,22.15%,16.16,6
WMB,WILLIAMS COMPANIES INC COM,"34,021 M",28,-0.74%,"818,265",56.808,$0.50,1.6599,34.15,0.82,24.09%,13.28,6
IPGP,IPG PHOTONICS CORPORATION COM,"9,006 M",168.94,-1.15%,"52,969",44.889,$5.47,6.3899,34.69,4.87,30.41%,1.55,34
TT,TRANE TECHNOLOGIES PLC COM,"46,140 M",194.24,0.11%,"277,984",<empty>,<empty>,<empty>,34.94,5.56,22.75%,11.1,23
SRE,SEMPRA COM,"39,649 M",124.16,-0.06%,"151,309",64.345,-$14.56,19.864,35.07,3.54,21.25%,15.43,31
MSI,MOTOROLA SOLUTIONS INC COM,"42,895 M",253.97,0.77%,"152,457",45.765,$4.93,<empty>,35.08,7.24,22.00%,13.85,25
JCI,JOHNSON CONTROLS INTL PLC COM,"56,107 M",79.66,0.09%,"620,902",34.05,$0.83,9.3519,35.09,2.27,23.37%,16.51,41
JKHY,HENRY JACK & ASSOCIATES INC COM,"11,200 M",151.27,-1.64%,"141,624",39.519,$4.84,21.713,35.1,4.31,31.11%,40.08,66
TJX,TJX COS INC COM,"87,473 M",72.74,-1.10%,"2,890,258",23.659,$0.24,1.5359,35.14,2.07,32.02%,37.84,29
AME,AMETEK INC COM,"32,663 M",141.2,-0.09%,"55,044",34.96,$3.35,15.77,35.39,3.99,21.24%,12.51,34
MCO,MOODYS CORP COM,"73,633 M",396.09,-0.30%,"98,175",68.442,$8.37,163.04,35.46,11.17,24.20%,32.36,52
APH,AMPHENOL CORP COM CL A,"50,360 M",84.21,-0.81%,"359,266",30.982,$1.70,24.274,35.46,2.375,21.38%,9.82,45
AJG,GALLAGHER (ARTHUR J) & CO COM,"33,927 M",163.68,-0.75%,"83,392",27.499,$4.28,14.439,35.58,4.6,22.08%,23.35,58
TTWO,TAKE-TWO INTERACTIVE SOFTWARE COM,"19,951 M",173.035,-2.26%,"331,503",53.691,$7.24,20.06,35.68,4.85,35.24%,33.43,53
MGM,MGM RESORTS INTERNATIONAL COM,"21,000 M",44.78,-1.60%,"1,442,673",10.144,-$2.46,-14.014,35.82,1.25,41.05%,10.96,18
V,VISA INC COM CL A,"440,731 M",201.9,-1.54%,"5,281,559",76.046,$7.54,34.716,35.86,5.63,29.61%,46.4,99
MLM,MARTIN MARIETTA MATERIALS INC COM,"26,257 M",420.91,-0.63%,"71,481",26.487,$9.90,12.817,36.13,11.65,25.33%,4.99,42
BDX,BECTON DICKINSON & CO COM,"71,272 M",248.17,-0.68%,"416,185",47.674,$7.14,8.4401,36.23,6.85,23.83%,27.08,40
RSG,REPUBLIC SERVICES INC COM,"43,575 M",137.42,-0.02%,"118,596",29.215,$2.77,11.652,36.26,3.79,17.71%,15.03,55
TFX,TELEFLEX INC COM,"15,652 M",334.12,-1.59%,"37,062",52.219,$5.50,10.619,36.56,9.14,37.56%,54.05,65
BKR,BAKER HUGHES COMPANY COM CL A,"20,636 M",23.72,-2.55%,"1,296,632",15.45,-$0.55,-37.872,37.06,0.64,39.28%,14.18,31
BR,BROADRIDGE FIN SOLUTIONS INC COM,"20,182 M",173.12,-0.88%,"44,500",28.494,$5.20,34.7,37.15,4.66,21.68%,22.55,67
PAYX,PAYCHEX INC COM,"45,034 M",124.89,-0.76%,"122,677",95.267,$1.44,38.311,37.17,3.36,20.28%,31.64,14
ADP,AUTOMATIC DATA PROCESSING INC COM,"99,451 M",236.01,-0.37%,"222,501",47.194,$5.32,45.499,37.34,6.32,22.00%,30.32,2
MAS,MASCO CORP COM,"16,593 M",67.98,-0.16%,"169,699",35.991,$2.24,<empty>,37.56,1.81,26.01%,8.93,61
EXR,EXTRA SPACE STORAGE INC COM USD0.01,"27,064 M",202.13,0.43%,"175,936",57.562,-$0.84,18.911,37.57,5.38,21.96%,16.08,47
GLW,CORNING INC COM,"32,395 M",37.96,-0.63%,"576,670",30.169,-$0.38,3.8397,37.58,1.01,26.37%,20.82,76
RTX,RAYTHEON TECH CORP COM,"129,935 M",86.81,-0.15%,"1,171,760",15.777,-$1.28,-6.1771,37.74,2.3,25.08%,8.12,13
MSFT,MICROSOFT CORP COM,"2,550,686 M",339.73,0.18%,"9,155,318",68.926,$5.33,47.079,38,8.94,23.09%,22.75,29
NXPI,NXP SEMICONDUCTORS N V COM,"57,988 M",218.055,0.11%,"361,507",<empty>,<empty>,<empty>,38.46,5.67,36.38%,33.69,18
ZBRA,ZEBRA TECHNOLOGIES COM CL A,"32,277 M",603.97,-0.31%,"42,397",44.526,$11.78,25.308,38.52,15.68,26.99%,19.46,58
REG,REGENCY CENTERS CORP COM USD0.01,"12,844 M",75.02,0.44%,"127,092",39.189,-$0.33,0.73599,38.67,1.94,30.38%,56.98,7
BLL,BALL CORP COM,"30,602 M",94.48,-0.61%,"449,124",15.194,$0.68,18.798,38.88,2.43,23.80%,24.2,92
WAB,WABTEC CORP COM,"17,582 M",94.11,-1.10%,"78,727",24.546,$3.29,4.1158,39.05,2.41,30.03%,17.82,14
POOL,POOL CORPORATION COM,"23,185 M",578.36,0.94%,"32,330",28.728,$7.46,69.878,39.18,14.76,33.97%,43.57,18
DHR,DANAHER CORP COM,"221,908 M",310.545,0.28%,"424,929",55.982,$6.56,10.772,39.36,7.89,25.92%,14.48,69
CPRT,COPART INC COM,"36,557 M",154.16,-1.92%,"265,905",49.491,$2.60,31.119,39.53,3.9,27.99%,35.69,18
PSA,PUBLIC STORAGE COM USD0.10,"58,216 M",331.99,-0.46%,"89,419",51.288,-$4.10,22.497,39.66,8.37,24.90%,52.29,51
FAST,FASTENAL COM,"35,200 M",61.2,-0.05%,"355,771",45.47,$0.11,31.826,39.74,1.54,22.80%,18.45,3
TRMB,TRIMBLE INC COM,"21,968 M",87.52,-1.27%,"266,747",53.671,$2.34,11.611,39.78,2.2,30.06%,33.6,39
GPN,GLOBAL PAYMENTS INC COM,"36,605 M",126.16,0.52%,"1,118,454",50.822,$5.77,2.1183,39.8,3.17,34.89%,58.07,89
SPGI,S&P GLOBAL INC COM,"111,393 M",462.21,-0.71%,"505,216",69.121,$10.74,473.48,39.85,11.6,25.45%,32.1,56
LLY,ELI LILLY AND COMPANY COM,"249,871 M",261.21,0.01%,"475,126",77.655,$3.48,150.18,39.88,6.55,33.45%,39.69,27
WM,WASTE MANAGEMENT INC COM,"69,451 M",166.025,0.37%,"270,255",36.385,$2.75,20.606,40.3,4.12,20.08%,28.88,54
DPZ,DOMINOS PIZZA INC COM,"19,325 M",531.48,0.00%,"55,575",38.726,$8.44,<empty>,40.42,13.15,28.84%,34.08,35
ACN,ACCENTURE PLC COM,"234,392 M",371.085,-0.45%,"1,433,331",32.383,$9.49,32.341,40.51,9.16,34.23%,70.77,23
CTLT,CATALENT INC COM,"22,133 M",129.29,-0.58%,"198,824",34.042,$0.92,15.527,40.53,3.19,38.20%,25.57,60
MDT,MEDTRONIC PLC COM,"156,491 M",116.28,-1.32%,"1,715,384",59.697,$1.82,7.0592,40.66,2.86,26.60%,26.49,11
ADI,ANALOG DEVICES INC COM,"100,050 M",186.17,-0.47%,"414,819",58.201,$2.85,10.299,40.74,4.57,27.08%,19.48,35
AWK,AMER WATER WORKS CO INC COM,"31,072 M",171.16,0.24%,"87,196",84.008,-$3.80,11.276,40.75,4.2,23.15%,38.39,55
VMC,VULCAN MATERIALS CO COM,"26,678 M",201.03,-0.49%,"119,901",26.385,$4.20,10.035,41.45,4.85,26.11%,16.94,43
J,JACOBS ENGINEERING GROUP INC COM,"18,960 M",145.495,0.06%,"69,024",19.066,$6.25,8.5295,41.57,3.5,30.92%,36.92,10
IT,GARTNER INC COM,"27,612 M",335.75,0.22%,"34,194",61.848,$6.16,26.293,41.71,8.05,31.75%,32.32,37
EL,ESTEE LAUDER COMPANIES INC COM CL A,"124,095 M",344.76,-2.74%,"760,599",76.355,$4.58,57.446,41.79,8.25,27.08%,35.19,41
CTAS,CINTAS CORP COM,"45,704 M",441.98,-0.58%,"51,039",45.097,$8.89,31.875,41.81,10.57,23.39%,8.27,15
IEX,IDEX CORP COM,"17,931 M",235.84,-0.14%,"21,636",47.189,$3.83,15.73,41.89,5.63,23.54%,18.49,12
AVGO,BROADCOM INC COM,"235,239 M",571.5,0.33%,"239,065",46.676,$11.81,11.815,42.3,13.51,31.58%,37.91,11
MA,MASTERCARD INCORPORATED COM CL A,"342,750 M",348.835,-2.88%,"1,754,914",96.209,$6.39,104.38,42.91,8.13,32.10%,52.43,58
FRT,FED REALTY INVEST TRUST SBI USD0.01,"10,120 M",130.1,0.88%,"136,395",41.604,-$6.10,5.243,42.94,3.03,23.13%,10.61,13
CERN,CERNER CORP COM,"21,655 M",73.6,-0.97%,"354,750",77.554,$2.69,17.729,43.29,1.7,23.97%,23.08,94
TMUS,T-MOBILE US INC COM,"144,209 M",115.455,-1.48%,"768,462",38.937,$8.22,6.5099,43.4,2.66,25.73%,19.54,41
KEYS,KEYSIGHT TECHNOLOGIES INC COM,"35,437 M",192.39,-1.01%,"221,534",60.009,$5.06,19.902,43.53,4.42,32.11%,47.14,23
VRSN,VERISIGN COM,"26,616 M",239.61,0.05%,"68,112",85.757,$5.77,<empty>,44.13,5.43,21.83%,12.22,56
ODFL,OLD DOMINION FREIGHT LINE INC COM,"41,069 M",357.09,-1.06%,"176,287",84.193,$5.24,20.998,44.14,8.09,25.57%,11.2,24
FFIV,F5 INC COM,"14,413 M",237.64,0.38%,"168,731",80.705,$10.67,14.425,44.5,5.34,28.47%,17.72,44
TDY,TELEDYNE TECHNOLOGIES INC COM,"20,909 M",448.15,-0.68%,"15,042",38.264,$11.83,13.524,44.55,10.06,20.36%,2.85,17
BF/B,BROWN-FORMAN CORP COM CL B,"34,669 M",72.4,0.15%,"118,815",60.503,$0.81,38.998,44.97,1.61,31.82%,52.16,47
NKE,NIKE INC COM CL B,"272,181 M",171.96,0.13%,"770,938",44.899,$2.66,55.009,45.61,3.77,28.22%,26.43,31
SHW,SHERWIN-WILLIAMS CO COM,"87,469 M",333.6,0.30%,"172,028",46.108,$8.67,52.505,45.64,7.31,24.94%,35.45,34
COST,COSTCO WHOLESALE CORP COM,"231,008 M",522.85,-0.65%,"427,608",12.885,-$3.11,27.935,46.39,11.27,28.67%,75.45,31
AMT,AMERICAN TOWER CORP COM USD0.01,"116,412 M",255.619,-0.74%,"438,852",48.896,$3.04,36.957,46.48,5.5,24.69%,40.67,44
ROP,ROPER TECHNOLOGIES INC COM,"51,774 M",490.815,0.01%,"40,858",64.102,$9.70,9.5105,46.57,10.54,20.36%,16.27,21
HWM,HOWMET AEROSPACE INC COM,"13,261 M",31.04,-1.40%,"211,132",20.955,$1.48,6.4284,47.03,0.66,31.05%,10.66,38
AMD,ADVANCED MICRO DEVICES INC COM,"186,660 M",154.57,2.13%,"26,380,528",44.525,$1.42,57.479,47.56,3.25,52.11%,61.53,89
CLX,CLOROX CO COM,"20,495 M",166.81,-1.44%,"186,985",43.155,$3.13,107.66,47.66,3.5,21.96%,9.96,12
MTD,METTLER-TOLEDO INTL INC COM,"35,220 M",1532.28,-0.12%,"7,064",56.54,$25.31,171.37,48.11,31.85,27.24%,54.85,21
PYPL,PAYPAL HOLDINGS INC COM,"237,124 M",201.82,-2.16%,"6,733,762",46.616,$5.00,22.773,48.51,4.16,37.61%,31.17,71
LIN,LINDE PLC COM,"169,389 M",330.48,-0.30%,"292,130",24.476,$3.75,5.1893,48.6,6.8,20.79%,7.04,7
CF,CF INDUSTRIES HOLDINGS INC COM,"14,421 M",67.24,3.00%,"2,227,717",20.199,$3.03,10.895,48.72,1.38,39.94%,39.41,27
WMT,WALMART INC COM,"392,941 M",140.915,-0.72%,"2,399,864",24.83,$4.12,17.366,49.27,2.86,20.13%,17.31,33
EA,ELECTRONIC ARTS INC COM,"38,298 M",135.42,-1.97%,"705,372",72.926,$3.73,10.94,49.79,2.72,34.04%,30.47,40
A,AGILENT TECHNOLOGIES INC COM,"48,601 M",160.545,-0.62%,"553,139",53.137,$2.90,14.946,50.01,3.21,33.09%,56.56,45
HAL,HALLIBURTON CO COM,"20,221 M",22.59,-1.65%,"2,119,107",12.835,$0.13,-45.357,50.2,0.45,42.88%,9.87,4
EW,EDWARDS LIFESCIENCES CORP COM,"73,125 M",117.125,-1.04%,"365,793",75.364,$0.96,18.88,50.27,2.33,30.90%,36.61,40
CRL,CHARLES RIVER LABORATORIES COM,"19,660 M",389.58,-0.90%,"53,205",32.889,$8.03,19.434,50.33,7.74,26.96%,19.52,97
MKTX,MARKETAXESS HLDGS INC COM,"13,992 M",367.9502,-3.89%,"79,490",89.829,$7.13,34.707,50.34,7.31,33.33%,35.59,19
ROL,ROLLINS INC COM,"17,679 M",35.93,-0.08%,"135,420",47.394,$0.41,29.688,50.61,0.71,24.72%,19.7,88
ESS,ESSEX PROPERTY TRUST INC COM USD0.0001,"22,731 M",349.235,0.49%,"37,991",46.202,-$5.43,9.3098,50.76,6.88,24.17%,33.69,8
EFX,EQUIFAX INC COM,"35,235 M",288.81,-0.62%,"162,960",48.434,$2.33,18.1,51.12,5.65,29.22%,33.72,39
GNRC,GENERAC HLDGS INC COM,"26,587 M",421.415,-1.22%,"105,841",37.235,$6.36,28.941,51.14,8.24,39.70%,25.14,27
XYL,XYLEM INC COM,"23,523 M",130.45,0.22%,"84,534",37.531,$1.35,8.5738,51.16,2.55,25.63%,22.93,40
FISV,FISERV INC COM,"65,752 M",99.59,-1.28%,"1,167,130",47.401,$5.06,2.9338,51.6,1.93,30.13%,34.57,88
SYK,STRYKER CORP COM,"97,796 M",259.24,-1.08%,"191,338",60.525,$4.03,12.352,52.16,4.97,26.79%,39.51,16
VRSK,VERISK ANALYTICS INC COM,"36,310 M",225.3,0.36%,"147,410",51.447,$4.38,28.744,52.64,4.28,19.57%,7.24,18
FANG,DIAMONDBACK ENERGY INC COM,"19,372 M",106.925,-0.29%,"461,611",22.894,-$1.64,-40.984,53.46,2,54.90%,17.72,8
BSX,BOSTON SCIENTIFIC CORP COM,"58,688 M",41.185,-1.02%,"1,276,763",57.278,$0.75,-0.78759,53.49,0.77,25.25%,7.11,0
ANET,ARISTA NETWORKS INC COM,"10,149 M",132.1161,0.03%,"746,081",63.943,$10.14,20.42,53.65,2.463,<empty>,18.2,100
ZTS,ZOETIS INC COM CL A,"106,278 M",224.63,1.24%,"317,233",66.966,$2.88,50.579,54.13,4.15,21.41%,16.51,29
ADSK,AUTODESK INC COM,"71,337 M",324.48,-1.84%,"281,082",90.117,$4.05,292.4,54.81,5.92,41.11%,57.25,35
MAA,MID-AMERICA APARTMENT COMMUNIT COM USD0.01,"23,549 M",204.53,0.12%,"66,307",28.314,-$1.34,4.2235,54.83,3.73,18.54%,9.55,4
ADBE,ADOBE INC COM,"317,635 M",667.58,-0.46%,"338,602",85.359,$10.56,44.213,55.26,12.08,33.93%,58.46,35
WST,WEST PHARMA SERVICES INC COM,"33,204 M",448.22,0.80%,"111,952",35.763,$3.43,20.2,55.54,8.07,32.48%,43.53,98
SYY,SYSCO CORP COM,"38,131 M",74.38,-1.69%,"499,823",18.168,$0.19,38.665,55.92,1.33,28.51%,12.67,14
O,REALTY INCOME CORP COM,"40,339 M",71.3,-0.93%,"972,176",54.762,-$6.02,3.8101,56.14,1.27,19.06%,35.4,34
PLD,PROLOGIS INC COM USD0.01,"111,391 M",150.665,0.19%,"195,310",47.01,-$2.73,5.4068,56.85,2.65,22.90%,28.24,16
IR,INGERSOLL RAND INC COM,"24,590 M",60.33,1.67%,"777,448",24.797,$1.26,-0.60603,57.46,1.05,35.03%,40.44,25
BXP,BOSTON PROPERTIES INC COM USD0.01,"18,487 M",118.3499,0.95%,"88,759",48.838,-$2.37,15.287,58.01,2.04,26.96%,13.38,18
ECL,ECOLAB INC COM,"66,166 M",230.89,-0.65%,"155,495",41.73,$3.55,-16.228,59.05,3.91,21.56%,17.08,40
ILMN,ILLUMINA INC COM,"57,696 M",369.135,-2.25%,"174,983",68.015,$5.53,14.097,60.41,6.11,33.90%,16.91,18
APTV,APTIV PLC COM,"48,014 M",177.49,0.56%,"322,320",21.659,$2.16,30.177,60.78,2.92,30.32%,4.92,1
NFLX,NETFLIX INC COM,"302,486 M",682.8866,-1.27%,"437,150",43.29,$4.32,29.617,61.58,11.09,31.83%,31.06,29
STZ,CONSTELLATION BRANDS INC COM CL A,"44,193 M",235.715,0.72%,"311,541",52.275,$5.57,15.53,62.86,3.75,22.41%,10.72,8
CNC,CENTENE CORPORATION COM,"45,198 M",77.46,1.68%,"1,200,644",17.417,$8.00,9.4353,62.98,1.23,39.15%,45.95,49
CCI,CROWN CASTLE INTL CORP COM USD0.01,"79,162 M",183.16,-0.83%,"245,376",38.75,-$1.95,12,63.38,2.89,23.69%,38.54,35
TDG,TRANSDIGM GROUP INC COM,"36,426 M",660.94,0.31%,"39,057",49.481,-$16.67,<empty>,63.49,10.41,29.89%,26.72,50
XLNX,XILINX INC COM,"54,142 M",218.42,1.04%,"1,080,488",68.037,$2.91,24.856,67.83,3.22,83.60%,100,41
IQV,IQVIA HOLDINGS INC COM,"51,264 M",268.34,1.47%,"199,178",22.643,$4.53,4.6485,68.28,3.93,26.78%,22.31,58
DLR,DIGITAL REALTY TRUST INC COM STK USD0.01,"46,365 M",163.38,-0.44%,"155,489",34.816,-$9.97,2.0943,69.23,2.36,22.76%,26.86,27
AMZN,AMAZON COM INC COM,"1,838,410 M",3625,2.14%,"1,474,028",39.436,$24.40,27.442,70.9,51.13,29.47%,29.51,42
JNPR,JUNIPER NETWORKS COM,"10,477 M",32.22,0.31%,"1,854,093",57.9,$1.01,5.6325,71.6,0.45,28.79%,12.47,63
CMG,CHIPOTLE MEXICAN GRILL COM,"50,337 M",1789.085,-0.94%,"28,427",22.539,$22.14,19.214,71.76,24.93,26.49%,19.34,26
MCHP,MICROCHIP TECHNOLOGY COM,"45,616 M",82.21,-0.78%,"428,146",44.986,$2.70,6.3977,72.43,1.135,35.64%,18.93,35
IDXX,IDEXX LABORATORIES INC COM,"53,793 M",634.395,1.02%,"53,373",58.044,$6.59,143.73,72.75,8.72,27.14%,24.67,44
NEE,NEXTERA ENERGY INC COM,"170,922 M",87.11,-0.76%,"1,966,194",57.821,-$0.46,7.9409,73.2,1.19,20.41%,5.97,11
SNPS,SYNOPSYS INC COM,"53,670 M",351.93,-0.56%,"81,264",77.382,$6.58,14.779,73.32,4.8,32.40%,38.3,33
ALGN,ALIGN TECHNOLOGY INC COM,"53,705 M",681.075,-1.62%,"59,418",71.33,$4.77,77.549,73.63,9.25,34.33%,16.55,36
AON,AON PLC (IE) COM CL A,"65,005 M",295.03,-1.59%,"257,161",96.268,$9.32,57.322,73.94,3.99,25.65%,26.64,57
ANSS,ANSYS INC COM,"34,496 M",395.36,-1.00%,"44,545",85.615,$7.20,11.492,74.18,5.33,28.33%,9.27,33
CDNS,CADENCE DESIGN SYSTEMS INC COM,"51,479 M",185.75,-1.06%,"172,497",87.942,$2.94,25.703,74.9,2.48,29.23%,21.18,43
MTCH,MATCH GROUP INC COM,"40,862 M",144.345,-2.21%,"893,265",71.71,$3.10,239.98,76.37,1.89,47.25%,36.41,26
ISRG,INTUITIVE SURGICAL INC COM,"128,212 M",358.9,-0.70%,"213,821",65.648,$3.92,11.788,77.35,4.64,27.32%,32.18,26
RMD,RESMED INC COM,"38,443 M",263.81,0.49%,"53,808",56.72,$2.77,17.631,77.36,3.41,29.14%,35.1,37
MSCI,MSCI INC COM,"54,815 M",664.85,-0.24%,"29,228",77.678,$5.81,433.13,80.69,8.24,27.14%,26.38,27
STE,STERIS PLC COM,"23,129 M",231.24,-0.13%,"31,462",43.221,$3.46,10.908,81.14,2.85,28.55%,35.33,75
WELL,WELLTOWER INC COM USD1,"37,360 M",85.83,-0.45%,"263,951",21.053,$0.67,6.2123,82.53,1.04,27.07%,23.38,28
INTU,INTUIT INC COM,"177,932 M",627.865,-1.13%,"204,199",81.013,$9.01,27.539,83.05,7.56,32.87%,52.02,45
INFO,IHS MARKIT LTD COM,"51,566 M",129.29,-0.73%,"488,288",49.121,$1.56,10.277,83.41,1.55,34.52%,48.35,43
ETSY,ETSY INC COM,"36,082 M",284.6,0.81%,"448,564",73.068,$4.05,60.788,83.71,3.4,49.05%,17.45,47
VTR,VENTAS INC COM USD0.25,"21,472 M",53.79,-0.35%,"519,374",28.634,-$0.34,4.2582,99.61,0.54,29.91%,29.53,28
FTNT,FORTINET INC COM,"56,008 M",342.555,0.35%,"149,092",78.03,$4.52,44.441,103.2,3.32,37.82%,37.19,49
ABMD,ABIOMED INC COM,"15,410 M",338.7,-1.40%,"47,285",80.896,$5.22,18.832,103.9,3.26,30.78%,0,65
MAR,MARRIOTT INTERNATIONAL INC COM CL A,"50,513 M",155.1,-1.03%,"296,843",57.197,$4.22,-47.132,109.2,1.42,31.39%,2.56,14
TECH,BIO-TECHNE CORP COM,"19,336 M",492.07,-0.37%,"24,312",64.923,$5.66,9.5323,113.6,4.33,33.68%,50,15
NVDA,NVIDIA CORP COM,"798,524 M",319.4095,9.16%,"36,975,320",62.345,$1.99,29.776,114.3,2.795,51.71%,59.04,91
IFF,INTL FLAVORS & FRAGRANCES INC COM,"38,536 M",151.39,-0.94%,"139,220",37.238,$1.11,5.7537,114.7,1.32,28.00%,21.54,22
CRM,SALESFORCE.COM INC COM,"294,434 M",300.75,-2.36%,"1,506,295",72.252,$7.83,10.804,121.3,2.48,37.05%,59.03,15
DXCM,DEXCOM INC COM,"63,553 M",655.715,0.68%,"80,224",67.706,$3.05,36.44,122.1,5.37,32.25%,9.03,46
MPWR,MONOLITHIC POWER SYSTEM INC COM,"25,938 M",562.725,-0.15%,"58,653",55.178,$2.56,18.893,126.2,4.46,33.67%,17.54,28
HES,HESS CORPORATION COM,"24,763 M",79.95,0.08%,"245,724",27.984,-$2.31,-43.879,126.9,0.63,39.55%,11.79,15
SBAC,SBA COMMUNICATIONS CORP COM USD0.01 CL A,"37,613 M",345.77,-1.29%,"44,895",42.467,$6.53,<empty>,131,2.64,24.60%,16.89,57
TYL,TYLER TECHNOLOGIES INC COM,"22,079 M",538.815,-0.59%,"9,676",46.643,$7.77,10.814,140.7,3.83,23.96%,9.6,13
DIS,WALT DISNEY COMPANY (THE) COM,"281,028 M",154.655,-1.70%,"5,313,619",5.4273,-$0.11,2.3179,141.9,1.09,28.91%,19.57,47
ALB,ALBEMARLE CORP COM,"31,737 M",271.315,-0.76%,"222,666",31.859,-$1.19,9.1644,143.6,1.89,42.64%,24.5,21
PAYC,PAYCOM SOFTWARE INC COM,"28,256 M",470.7291,-1.33%,"50,526",82.037,$3.67,24.267,159.6,2.95,31.03%,7.68,35
EQIX,EQUINIX INC COM,"71,549 M",794.62,-0.42%,"76,231",48.749,-$10.78,3.7975,168,4.73,22.73%,9.4,49
T,AT&T INC COM,"174,562 M",24.445,-0.87%,"11,107,606",36.868,$3.61,-3.1044,188,0.13,24.95%,35.27,25
ENPH,ENPHASE ENERGY INC COM,"33,906 M",251.32,-1.39%,"483,859",44.676,$1.55,35.439,216.7,1.16,59.84%,15.85,73
BKNG,BOOKING HOLDINGS INC COM,"96,417 M",2348,-0.78%,"108,292",93.261,$19.90,1.09,254.7,9.22,31.21%,16.51,35
KSU,KANSAS CITY SOUTHERN COM,"27,456 M",301.78,-0.81%,"167,983",39.262,$4.21,14.567,290.2,1.04,21.93%,14.86,10
FIS,FIDELITY NATIONAL INFORMATION COM,"66,998 M",110.025,-0.38%,"582,709",33.493,$4.78,0.32003,305.6,0.36,33.39%,55.3,82
UDR,UDR INC COM USD0.01,"17,427 M",56.365,0.08%,"226,460",24.388,-$1.45,1.8468,313.1,0.18,23.72%,18.26,8
TSLA,TESLA INC COM,"1,102,392 M",1097.71,0.80%,"7,258,210",21.024,$2.33,4.7845,356.4,3.08,66.17%,34.58,74
NOW,SERVICENOW INC COM,"135,002 M",678.4,-0.95%,"166,918",78.159,$5.36,4.776,622.4,1.09,30.80%,19.8,31
HLT,HILTON WORLDWIDE HOLDINGS INC COM,"39,835 M",142.92,-1.11%,"172,758",40.563,-$1.21,2553.6,1099,0.13,35.07%,34.44,19
ALK,ALASKA AIR GROUP INC COM,"6,584 M",52.54,-1.87%,"649,720",28.211,-$2.48,-36.18,1314,0.04,39.57%,16.58,27
